City,State,latitude,longitude,COUNTY,COUNTY NAME,DISTRICT NUMBER,DISTRICT NAME,PK,KG,Grade 1,Grade 2,Grade 3,Grade 4,Grade 5,Grade 6,Grade 7,Grade 8,Grade 9,Grade 10,Grade 11,Grade 12,Total K12,Total PK12,Hispanic Male,Hispanic Female,Hispanic Total,Native American Male,Native American Female,Native American Total,Asian Male,Asian Female,Asian Total,Black Male,Black Female,Black Total,Pacific Islander Male,Pacific Islander Female,Pacific Islander Total,White Male,White Female,White Total,Multi-Race Male,Multi-Race Female,Multi-Race Total,Total Male,Total Female
Ackley,IA,42.553939,-91.475695,42,Hardin,9,AGWSR,75,52,29,61,48,44,45,52,47,47,45,38,28,45,581,656,26,26,52,0,0,0,1,1,2,0,0,0,0,0,0,301,290,591,5,6,11,333,323
Adair,IA,41.500543,-92.802416,39,Guthrie,18,Adair-Casey,18,22,21,16,19,16,20,16,52,58,0,0,0,0,240,258,5,6,11,0,0,0,0,1,1,0,1,1,2,0,2,136,104,240,2,1,3,145,113
Adel,IA,41.617528,-95.303635,25,Dallas,27,Adel DeSoto Minburn,41,169,144,165,151,155,153,150,155,137,124,137,130,114,1884,1925,26,35,61,3,2,5,4,12,16,3,1,4,0,0,0,920,885,1805,20,14,34,976,949
Akron,IA,42.828882,-93.606263,75,Plymouth,63,Akron Westfield,35,58,37,47,44,49,42,55,48,45,49,41,51,38,604,639,24,21,45,3,2,5,0,2,2,3,1,4,2,1,3,287,273,560,9,11,20,328,311
Albert City,IA,42.78192,-93.612908,11,Buena Vista,72,Albert City-Truesdale,14,21,15,11,8,17,10,15,0,0,0,0,0,0,97,111,9,7,16,0,0,0,0,0,0,0,0,0,0,0,0,51,42,93,1,1,2,61,50
Albia,IA,41.026675,-92.222958,68,Monroe,81,Albia,59,87,64,80,77,93,96,91,101,89,100,99,86,76,1139,1198,26,18,44,1,2,3,0,2,2,10,10,20,0,0,0,556,519,1075,27,27,54,620,578
Alburnett,IA,42.149726,-91.564603,57,Linn,99,Alburnett,57,57,43,36,47,58,54,60,53,44,50,53,46,53,654,711,9,4,13,0,0,0,0,0,0,7,2,9,0,0,0,366,311,677,6,6,12,388,323
Alden,IA,42.509149,-91.405416,42,Hardin,108,Alden,32,28,10,22,20,28,18,12,0,0,0,0,0,0,138,170,6,7,13,0,0,0,0,0,0,1,0,1,0,0,0,67,78,145,4,7,11,78,92
Algona,IA,43.069966,-96.432184,55,Kossuth,126,Algona,108,125,93,90,93,98,88,116,124,113,109,105,105,112,1371,1479,36,40,76,1,0,1,11,7,18,7,10,17,2,1,3,705,644,1349,5,10,15,767,712
Waukon,IA,43.269421,-93.31227,3,Allamakee,135,Allamakee,79,87,57,70,79,73,79,81,96,90,78,115,83,82,1070,1149,9,17,26,1,1,2,2,7,9,6,6,12,0,0,0,580,510,1090,5,5,10,603,546
Greene,IA,42.895807,-93.31227,12,Butler,153,North Butler,36,52,39,35,35,46,57,52,40,44,50,36,33,57,576,612,8,6,14,0,0,0,1,1,2,1,0,1,0,0,0,313,278,591,3,1,4,326,286
Alta,IA,42.671057,-93.31227,11,Buena Vista,171,Alta-Aurelia,63,105,58,54,67,53,53,54,51,58,52,54,56,49,764,827,74,77,151,0,0,0,2,2,4,6,7,13,1,2,3,327,312,639,9,8,17,419,408
Ames,IA,42.02677,-93.765975,85,Story,225,Ames,341,413,330,344,352,364,357,370,340,330,374,318,334,358,4584,4925,215,217,432,7,4,11,221,238,459,255,191,446,4,1,5,1655,1615,3270,156,146,302,2513,2412
Anamosa,IA,42.108337,-90.60708,53,Jones,234,Anamosa,83,84,56,74,80,78,97,96,118,102,105,101,105,92,1188,1271,16,11,27,1,1,2,7,12,19,9,11,20,0,0,0,629,552,1181,10,12,22,672,599
Andrew,IA,42.153629,-90.399694,49,Jackson,243,Andrew,38,21,27,19,12,13,17,7,15,3,0,0,0,0,134,172,1,2,3,0,0,0,0,0,0,1,2,3,4,1,5,84,77,161,0,0,0,90,82
Ankeny,IA,41.731872,-92.788587,77,Polk,261,Ankeny,408,950,951,956,931,916,977,910,910,902,883,839,807,787,11719,12127,342,322,664,7,6,13,163,162,325,164,140,304,6,6,12,5201,5039,10240,290,279,569,6173,5954
Aplington,IA,42.582342,-91.475695,12,Butler,279,Aplington-Parkersburg,83,78,63,66,46,62,67,61,54,67,54,55,71,55,799,882,6,6,12,0,0,0,0,1,1,4,3,7,0,0,0,429,418,847,8,7,15,447,435
North Union,IA,42.244856,-92.076289,32,Emmet,333,North Union,19,19,20,18,21,28,28,0,0,0,53,57,54,38,336,355,14,9,23,0,0,0,2,0,2,0,1,1,0,0,0,155,165,320,4,5,9,175,180
Westside,IA,42.073735,-94.832764,24,Crawford,355,Ar-We-Va,15,21,14,15,17,14,18,19,12,15,16,16,16,12,205,220,17,25,42,1,1,2,0,0,0,2,1,3,0,0,0,92,78,170,2,1,3,114,106
Atlantic,IA,41.403601,-91.739112,15,Cass,387,Atlantic,95,133,100,95,103,103,118,119,102,117,87,113,100,95,1385,1480,42,33,75,2,0,2,1,0,1,7,5,12,14,14,28,700,648,1348,6,8,14,772,708
Audubon,IA,41.718042,-92.114055,5,Audubon,414,Audubon,42,43,33,46,39,45,40,40,37,35,33,41,40,30,502,544,7,10,17,0,0,0,0,1,1,1,4,5,1,1,2,268,235,503,8,8,16,285,259
Avoca,IA,41.476657,-94.073845,78,Pottawattam,441,AHSTW,59,53,48,50,47,53,55,53,55,44,51,55,60,58,682,741,13,15,28,0,2,2,2,2,4,2,1,3,0,0,0,344,341,685,6,13,19,367,374
Huxley,IA,41.896216,-93.31227,85,Story,472,Ballard,146,154,108,130,121,152,118,135,108,118,116,145,142,132,1679,1825,20,17,37,4,7,11,1,2,3,16,14,30,2,4,6,891,830,1721,9,8,17,943,882
Baxter,IA,41.8261,-91.837854,50,Jasper,513,Baxter,30,48,29,31,38,22,31,33,35,41,19,25,34,32,418,448,2,6,8,0,0,0,0,1,1,1,1,2,0,0,0,214,214,428,3,6,9,220,228
Conrad,IA,42.226174,-93.607162,38,Grundy,540,BCLUW,38,32,32,31,45,39,48,52,44,39,52,45,35,61,555,593,14,6,20,0,0,0,1,2,3,0,0,0,6,3,9,255,285,540,11,10,21,287,306
Bedford,IA,40.666932,-92.677415,87,Taylor,549,Bedford,41,58,38,34,30,28,38,31,41,32,29,30,36,29,454,495,4,3,7,0,0,0,0,0,0,3,0,3,0,0,0,260,216,476,7,2,9,274,221
Belle Plaine,IA,41.896748,-92.536296,6,Benton,576,Belle Plaine,28,36,39,40,33,32,26,34,24,42,46,39,44,49,484,512,3,3,6,1,1,2,1,6,7,2,2,4,1,0,1,241,235,476,10,6,16,259,253
Bellevue,IA,42.258627,-95.002767,49,Jackson,585,Bellevue,114,62,41,39,44,42,48,45,55,53,55,60,68,60,672,786,6,4,10,0,0,0,1,0,1,5,6,11,0,0,0,392,350,742,10,12,22,414,372
Belmond,IA,42.846202,-93.31227,99,Wright,594,Belmond-Klemme,48,48,40,41,56,46,70,59,50,67,63,61,51,41,693,741,94,86,180,0,0,0,0,2,2,7,8,15,0,0,0,283,245,528,8,8,16,392,349
Bennett,IA,41.740302,-91.785709,16,Cedar,603,Bennett,7,11,8,11,4,15,12,8,0,0,0,0,0,0,69,76,1,1,2,0,0,0,0,0,0,0,0,0,0,0,0,31,41,72,1,1,2,33,43
Benton,IA,40.703324,-93.221037,6,Benton,609,Benton,174,117,111,96,99,113,105,111,117,105,135,127,99,110,1445,1619,17,15,32,2,2,4,1,2,3,9,9,18,0,0,0,771,769,1540,10,12,22,810,809
Bettendorf,IA,41.56049,-90.47859,82,Scott,621,Bettendorf,311,320,319,299,350,353,357,353,365,384,390,383,383,394,4650,4961,263,234,497,5,10,15,60,53,113,192,182,374,0,1,1,1879,1794,3673,147,141,288,2546,2415
Eddyville,IA,41.157248,-95.598613,90,Wapello,657,Eddyville-Blakesburg-Fremont,66,84,74,78,73,76,70,69,78,64,85,82,71,84,988,1054,18,14,32,1,0,1,3,3,6,1,1,2,0,0,0,511,485,996,12,5,17,546,508
Bondurant,IA,41.700544,-91.141934,77,Polk,720,Bondurant-Farrar,137,206,176,166,180,196,177,185,176,171,157,138,141,130,2199,2336,61,56,117,2,2,4,12,15,27,18,26,44,2,3,5,1113,955,2068,48,23,71,1256,1080
Boone,IA,42.059705,-94.414684,8,Boone,729,Boone,110,157,106,110,120,137,154,158,160,151,165,148,158,177,1901,2011,50,58,108,9,5,14,5,3,8,16,19,35,0,0,0,930,841,1771,37,38,75,1047,964
Boyden,IA,43.190935,-94.255242,84,Sioux,747,Boyden-Hull,66,50,36,40,32,42,39,40,54,54,55,61,51,55,609,675,86,86,172,0,0,0,2,0,2,1,0,1,0,0,0,261,232,493,2,5,7,352,323
West Hancock,IA,41.389992,-94.669147,41,Hancock,819,West Hancock,52,49,32,42,37,42,37,42,43,44,54,42,49,34,547,599,48,49,97,0,0,0,1,1,2,4,6,10,0,0,0,247,230,477,5,8,13,305,294
Brooklyn,IA,41.733609,-95.973351,79,Poweshiek,846,Brooklyn-Guernsey-Malcom,38,52,39,31,54,42,51,43,32,47,37,37,42,47,554,592,14,19,33,0,0,0,1,1,2,4,1,5,1,0,1,267,276,543,5,3,8,292,300
Buffalo Center,IA,43.3858,93.9466,95,Winnebago,873,North Iowa,55,48,33,43,35,43,30,31,30,29,32,23,41,33,451,506,21,36,57,1,1,2,0,1,1,1,1,2,0,0,0,244,195,439,3,2,5,270,236
Burlington,IA,40.807539,-92.905753,29,Des Moines,882,Burlington,185,268,246,278,252,278,279,298,274,236,262,270,268,255,3464,3649,109,99,208,4,8,12,16,11,27,326,291,617,1,1,2,1216,1180,2396,181,206,387,1853,1796
Anita,IA,41.445265,-94.899153,15,Cass,914,CAM,34,48,43,49,53,63,50,71,75,101,99,114,155,166,1087,1121,21,29,50,1,4,5,2,8,10,11,10,21,2,3,5,466,521,987,17,26,43,520,601
Latimer,IA,42.762347,-93.603715,35,Franklin,916,CAL,38,25,16,16,17,14,9,17,0,0,0,0,0,0,114,152,26,38,64,0,0,0,0,0,0,0,0,0,0,0,0,40,48,88,0,0,0,66,86
Calamus,IA,41.825859,-95.293052,23,Clinton,918,Calamus-Wheatland,18,33,24,31,34,33,44,36,41,30,29,35,35,48,453,471,3,4,7,0,1,1,1,0,1,0,1,1,0,0,0,238,213,451,0,10,10,242,229
Camanche,IA,41.788086,-96.35864,23,Clinton,936,Camanche,33,81,59,66,70,82,64,75,72,86,70,83,72,69,949,982,25,17,42,0,1,1,2,2,4,4,7,11,0,0,0,450,438,888,19,17,36,500,482
Eldon,IA,40.91863,-93.31227,90,Wapello,977,Cardinal,120,84,82,82,72,60,69,70,69,57,62,58,64,53,882,1002,21,23,44,1,0,1,4,1,5,7,9,16,1,0,1,428,482,910,12,13,25,474,528
Carlisle,IA,41.500823,-95.75196,91,Warren,981,Carlisle,137,179,145,130,167,158,191,188,163,172,151,156,157,169,2126,2263,70,68,138,2,2,4,39,38,77,18,19,37,1,1,2,980,962,1942,29,34,63,1139,1124
Carroll,IA,42.065159,-93.498825,14,Carroll,999,Carroll,200,143,117,139,115,134,139,138,152,139,134,128,115,112,1705,1905,41,57,98,4,0,4,6,4,10,40,30,70,0,0,0,892,783,1675,24,24,48,1007,898
Cedar Falls,IA,42.527412,-91.864048,7,Black Hawk,1044,Cedar Falls,193,432,429,415,415,428,428,464,418,404,440,379,382,387,5421,5614,68,86,154,3,6,9,102,95,197,104,118,222,6,7,13,2465,2256,4721,157,141,298,2905,2709
Cedar Rapids,IA,41.975887,-91.671266,57,Linn,1053,Cedar Rapids,965,1277,1174,1163,1210,1205,1209,1166,1125,1149,1295,1319,1261,1199,15752,16717,622,569,1191,32,25,57,166,170,336,1609,1485,3094,46,44,90,5448,5051,10499,726,724,1450,8649,8068
Center Point,IA,42.190827,-92.884931,57,Linn,1062,Center Point-Urbana,99,116,96,94,113,116,107,123,132,111,120,117,132,102,1479,1578,19,14,33,2,1,3,2,0,2,8,4,12,1,0,1,747,727,1474,33,20,53,812,766
Centerville,IA,40.73418,-94.289688,4,Appanoose,1071,Centerville,85,104,118,100,93,108,108,88,95,95,96,119,105,95,1324,1409,23,20,43,3,2,5,6,8,14,13,9,22,0,4,4,696,619,1315,3,3,6,744,665
Donnellson,IA,40.642815,-93.31227,56,Lee,1079,Central Lee,53,100,78,91,93,90,82,91,75,90,84,72,77,81,1104,1157,11,14,25,0,1,1,2,2,4,4,3,7,2,0,2,552,536,1088,15,15,30,586,571
Elkader,IA,42.853874,-93.31227,22,Clayton,1080,Central,25,39,19,23,30,20,37,33,41,37,31,31,32,32,405,430,3,6,9,0,0,0,1,1,2,0,0,0,0,0,0,198,215,413,4,2,6,206,224
DeWitt,IA,41.824102,-92.021343,23,Clinton,1082,Central DeWitt,109,118,108,102,106,106,117,116,105,124,125,126,136,125,1514,1623,34,29,63,3,0,3,4,3,7,29,19,48,0,1,1,765,689,1454,24,23,47,859,764
Central City,IA,42.203883,-91.661307,57,Linn,1089,Central City,53,31,25,36,33,21,33,35,34,30,33,33,33,39,416,469,6,1,7,1,0,1,1,4,5,3,3,6,0,0,0,203,241,444,4,2,6,218,251
Decatur,IA,40.742453,-92.04712,27,Decatur,1093,Central Decatur,60,52,36,39,45,54,59,60,53,63,55,49,33,50,648,708,5,7,12,0,0,0,0,0,0,2,2,4,0,0,0,356,335,691,1,0,1,364,344
Inwood,IA,43.307926,-93.31227,60,Lyon,1095,Central Lyon,46,69,53,61,56,59,57,60,69,59,53,56,54,45,751,797,25,21,46,1,2,3,0,0,0,1,1,2,0,0,0,409,328,737,4,5,9,440,357
Chariton,IA,41.014751,-93.318823,59,Lucas,1107,Chariton,63,88,78,98,86,91,107,109,90,90,95,84,102,97,1215,1278,27,21,48,1,3,4,6,7,13,0,2,2,0,0,0,638,558,1196,9,6,15,681,597
Charles City,IA,43.066361,-92.445318,34,Floyd,1116,Charles City,89,105,104,93,78,95,123,112,143,135,120,133,141,124,1506,1595,62,50,112,3,4,7,19,28,47,84,100,184,1,0,1,600,580,1180,30,34,64,799,796
Charter Oak,IA,42.068322,-93.31227,24,Crawford,1134,Charter Oak-Ute,35,16,24,17,26,20,18,28,18,12,0,0,0,0,179,214,7,3,10,0,0,0,1,0,1,0,1,1,0,0,0,101,98,199,2,1,3,111,103
Cherokee,IA,42.749428,-92.912339,18,Cherokee,1152,Cherokee,69,117,89,71,85,91,84,83,84,87,81,76,74,66,1088,1157,40,48,88,1,1,2,6,7,13,9,8,17,0,0,0,496,505,1001,19,17,36,571,586
Clarinda,IA,40.739016,-93.31227,73,Page,1197,Clarinda,37,95,74,79,77,80,85,80,91,96,98,113,119,94,1181,1218,38,25,63,9,10,19,8,8,16,38,19,57,0,0,0,541,469,1010,30,23,53,664,554
Clarion,IA,42.731339,-93.732208,99,Wright,1206,Clarion-Goldfield-Dows,96,78,75,55,67,63,71,71,80,69,67,71,61,79,907,1003,175,153,328,1,0,1,4,0,4,0,3,3,0,0,0,321,322,643,11,13,24,512,491
Osceola,IA,41.034021,-93.31227,20,Clarke,1211,Clarke,65,110,92,87,113,107,114,108,111,107,98,100,89,104,1340,1405,240,218,458,0,0,0,7,0,7,8,3,11,5,1,6,483,408,891,13,19,32,756,649
Clarksville,IA,42.7847,-92.667691,12,Butler,1215,Clarksville,34,25,21,21,26,19,22,25,25,19,20,22,24,20,289,323,3,2,5,0,0,0,1,0,1,0,0,0,0,0,0,160,153,313,4,0,4,168,155
Everly,IA,43.159971,-95.327501,21,Clay,1218,Clay Central-Everly,17,9,15,14,12,14,16,14,14,14,21,20,13,28,204,221,2,4,6,0,0,0,1,0,1,1,6,7,3,0,3,100,103,203,1,0,1,108,113
Tiffin,IA,41.705847,-91.66295,52,Johnson,1221,Clear Creek Amana,171,241,229,214,205,180,200,195,190,166,169,194,128,151,2462,2633,85,70,155,5,3,8,19,18,37,64,76,140,0,1,1,1118,1017,2135,82,75,157,1373,1260
Clear Lake,IA,43.138092,-93.3792,17,Cerro Gordo,1233,Clear Lake,131,105,95,111,101,103,111,103,94,105,92,105,98,91,1314,1445,54,42,96,1,1,2,7,6,13,8,8,16,0,0,0,661,586,1247,40,31,71,771,674
Clinton,IA,41.844474,-90.188738,23,Clinton,1278,Clinton,261,272,287,272,290,283,254,264,254,232,247,266,217,236,3374,3635,150,142,292,7,3,10,25,16,41,186,161,347,0,2,2,1383,1263,2646,151,146,297,1902,1733
Colfax,IA,41.677767,-93.245205,50,Jasper,1332,Colfax-Mingo,50,57,48,37,55,39,50,58,58,48,55,59,70,52,686,736,16,15,31,0,0,0,1,1,2,3,1,4,5,4,9,331,334,665,11,14,25,367,369
Cedar Rapids,IA,-3.513371,-91.6656,57,Linn,1337,College,308,402,386,390,426,450,406,442,449,452,444,431,408,367,5453,5761,155,148,303,8,7,15,41,43,84,256,214,470,9,13,22,2329,2148,4477,205,185,390,3003,2758
Collins,IA,41.9779,-93.306318,85,Story,1350,Collins-Maxwell,19,30,32,28,25,32,36,20,41,30,27,26,35,32,394,413,11,11,22,0,0,0,3,1,4,1,0,1,0,0,0,186,191,377,4,5,9,205,208
Colo,IA,42.017765,-93.315207,85,Story,1359,Colo-NESCO,42,26,27,28,21,27,29,32,29,28,40,30,33,33,383,425,8,9,17,0,0,0,1,1,2,1,0,1,1,0,1,202,194,396,5,3,8,218,207
Columbus,IA,41.279996,-91.360819,58,Louisa,1368,Columbus,49,39,63,43,52,47,47,52,51,41,53,56,48,47,639,688,219,197,416,0,0,0,33,31,64,3,5,8,0,0,0,101,95,196,2,2,4,358,330
Coon Rapids,IA,41.871658,-94.677774,14,Carroll,1413,Coon Rapids-Bayard,29,31,35,32,32,32,36,31,22,24,35,29,27,32,398,427,15,8,23,0,0,0,0,0,0,1,0,1,0,0,0,204,196,400,2,1,3,222,205
Corning,IA,40.989986,-94.740807,2,Adams,1431,Corning,35,48,27,22,34,27,35,0,0,0,48,40,50,41,372,407,5,4,9,1,2,3,1,1,2,1,1,2,0,0,0,190,194,384,3,4,7,201,206
Council Bluffs,IA,41.262128,-95.861391,78,Pottawattam,1476,Council Bluffs,504,717,663,646,672,680,667,649,674,696,613,665,653,595,8590,9094,722,664,1386,36,41,77,40,44,84,173,159,332,11,8,19,3521,3289,6810,202,184,386,4705,4389
Creston,IA,41.0586,-94.361347,88,Union,1503,Creston,99,114,81,83,90,110,106,106,114,120,118,132,102,101,1377,1476,54,32,86,1,1,2,4,8,12,12,6,18,0,0,0,682,635,1317,21,20,41,774,702
Dallas Center,IA,41.684432,-93.961063,25,Dallas,1576,Dallas Center-Grimes,233,309,255,243,284,263,235,246,229,219,207,227,207,192,3116,3349,70,70,140,1,1,2,21,30,51,37,39,76,0,0,0,1538,1474,3012,39,29,68,1706,1643
Danville,IA,40.864481,-91.314596,29,Des Moines,1602,Danville,48,58,46,52,45,52,48,57,65,43,47,58,57,52,680,728,7,11,18,2,2,4,3,1,4,1,3,4,0,0,0,357,318,675,14,9,23,384,344
Davenport,IA,41.523644,-90.577637,82,Scott,1611,Davenport,980,1171,1044,1103,1025,1103,1170,1159,1118,1064,1189,1095,1126,1170,14537,15517,1062,1115,2177,18,18,36,120,124,244,1566,1486,3052,8,2,10,4372,4105,8477,777,744,1521,7923,7594
Davis County,IA,43.370801,-92.297671,26,Davis,1619,Davis County,84,87,81,86,90,91,106,109,105,108,88,85,80,88,1204,1288,14,17,31,3,4,7,2,3,5,2,6,8,0,0,0,621,601,1222,7,8,15,649,639
Decorah,IA,43.303306,-91.785709,96,Winneshiek,1638,Decorah Community,98,123,109,100,114,113,131,121,127,139,155,149,150,138,1669,1767,37,33,70,1,1,2,14,8,22,6,11,17,0,0,0,824,789,1613,24,19,43,906,861
Delmar,IA,42.002245,-93.31227,23,Clinton,1675,Delwood,19,25,23,23,20,14,23,16,0,0,0,0,0,0,144,163,0,3,3,0,0,0,0,0,0,2,3,5,0,0,0,77,67,144,8,3,11,87,76
Denison,IA,42.017766,-95.355276,24,Crawford,1701,Denison,126,180,146,152,150,163,166,174,164,176,207,191,216,200,2285,2411,743,717,1460,2,0,2,34,33,67,64,62,126,0,0,0,378,364,742,6,8,14,1227,1184
Denver,IA,42.671372,-92.337404,9,Bremer,1719,Denver,56,87,71,69,51,59,62,65,64,59,66,61,52,54,820,876,2,6,8,0,0,0,2,1,3,1,3,4,0,0,0,460,398,858,1,2,3,466,410
Des Moines,IA,41.591064,-93.603715,77,Polk,1737,Des Moines Independent,1909,2465,2425,2450,2407,2491,2575,2507,2473,2310,2384,2267,2386,2574,31714,33623,4575,4332,8907,75,71,146,1475,1318,2793,3396,3409,6805,38,19,57,6599,6098,12697,1038,1180,2218,17196,16427
Diagonal,IA,40.809435,-94.342179,80,Ringgold,1782,Diagonal,7,18,9,8,10,4,11,7,11,13,8,5,8,8,120,127,0,0,0,3,1,4,0,0,0,0,0,0,0,0,0,57,66,123,0,0,0,60,67
Dike,IA,42.46415,-92.62825,38,Grundy,1791,Dike-New Hartford,58,76,62,60,70,63,62,75,67,59,72,72,68,68,874,932,8,6,14,0,0,0,3,3,6,4,3,7,0,0,0,463,412,875,14,16,30,492,440
Dubuque,IA,42.500622,-90.664797,31,Dubuque,1863,Dubuque,887,712,719,723,738,783,841,858,738,778,774,853,813,845,10175,11062,273,256,529,6,9,15,74,59,133,503,500,1003,148,121,269,4420,4107,8527,305,281,586,5729,5333
Dunkerton,IA,42.570012,-92.160492,7,Black Hawk,1908,Dunkerton,36,28,29,20,26,22,34,37,31,28,41,38,33,32,399,435,6,4,10,0,0,0,0,0,0,2,2,4,0,0,0,185,209,394,13,14,27,206,229
Boyer Valley,IA,42.18193,-95.235272,43,Harrison,1917,Boyer Valley,38,29,25,25,33,33,32,28,30,31,30,39,31,30,396,434,21,13,34,1,1,2,0,0,0,1,0,1,0,0,0,204,182,386,7,4,11,234,200
Durant,IA,41.59975,-90.910704,16,Cedar,1926,Durant,47,43,40,35,53,44,45,48,56,51,70,50,49,56,640,687,8,7,15,1,0,1,1,0,1,0,1,1,0,0,0,351,302,653,6,10,16,367,320
Eagle Grove,IA,42.664138,-93.90439,99,Wright,1944,Eagle Grove,55,72,68,63,63,65,72,84,73,65,61,65,73,67,891,946,151,163,314,0,1,1,2,0,2,2,1,3,0,0,0,294,313,607,9,10,19,458,488
Earlham,IA,41.491042,-94.122984,61,Madison,1953,Earlham,41,45,39,38,40,43,56,40,42,31,53,47,53,50,577,618,6,4,10,0,0,0,1,1,2,8,5,13,0,0,0,321,261,582,9,2,11,345,273
East Buchanan,IA,41.765051,-91.246335,10,Buchanan,1963,East Buchanan,61,43,45,35,50,35,45,48,52,43,44,50,43,40,573,634,12,5,17,0,0,0,0,1,1,2,2,4,0,0,0,299,295,594,10,8,18,323,311
Preston,IA,42.050575,-93.31227,49,Jackson,1965,Easton Valley,32,28,32,34,20,36,32,34,41,39,42,39,37,35,449,481,9,10,19,0,0,0,0,0,0,1,0,1,0,0,0,235,221,456,3,2,5,248,233
Gilman,IA,41.879477,-93.31227,64,Marshall,1968,East Marshall,36,62,45,53,56,63,71,64,65,59,70,53,50,55,766,802,18,28,46,3,3,6,4,0,4,2,1,3,0,1,1,351,358,709,17,16,33,395,407
East Union,IA,42.244856,-93.064249,88,Union,1970,East Union,55,45,32,35,21,35,50,39,36,33,43,38,35,29,471,526,13,16,29,0,0,0,0,0,0,5,3,8,0,0,0,259,225,484,3,2,5,280,246
Waukon,IA,43.269421,-93.31227,3,Allamakee,1972,Eastern Allamakee,15,29,16,21,16,17,24,22,25,23,37,23,42,26,321,336,1,5,6,3,0,3,1,0,1,0,4,4,0,0,0,173,143,316,2,4,6,180,156
Bode,IA,42.868304,-93.31227,97,Woodbury,1975,River Valley,28,31,33,25,31,29,31,28,28,35,30,35,25,36,397,425,9,6,15,0,0,0,1,1,2,0,0,0,0,0,0,212,186,398,5,5,10,227,198
Edgewood,IA,42.644917,-91.40079,28,Delaware,1989,Edgewood-Colesburg,30,49,41,29,39,35,39,35,33,35,45,46,32,41,499,529,14,9,23,0,0,0,2,0,2,2,2,4,0,0,0,256,236,492,5,3,8,279,250
Eldora,IA,42.360816,-93.099646,42,Hardin,2007,Eldora-New Providence,50,48,61,51,33,58,42,0,0,1,60,70,66,83,573,623,19,19,38,0,4,4,2,1,3,2,2,4,0,0,0,286,263,549,14,11,25,323,300
Emmetsburg,IA,43.112743,-94.683036,74,Palo Alto,2088,Emmetsburg,54,75,48,47,50,53,47,51,75,61,68,74,64,62,775,829,18,20,38,2,2,4,8,5,13,1,7,8,0,0,0,387,365,752,6,8,14,422,407
North English,IA,41.513898,-93.31227,48,Iowa,2097,English Valleys,64,38,26,24,33,35,30,30,36,32,44,23,30,40,421,485,9,12,21,0,0,0,1,0,1,2,1,3,0,0,0,239,212,451,3,6,9,254,231
Essex,IA,40.833607,-95.308322,73,Page,2113,Essex,18,13,18,9,11,14,15,9,15,17,11,17,12,18,179,197,2,6,8,1,1,2,0,0,0,0,1,1,0,0,0,93,90,183,2,1,3,98,99
Estherville,IA,43.401626,-93.31227,32,Emmet,2124,Estherville Lincoln,90,111,82,66,91,87,95,98,105,93,120,91,100,94,1233,1323,157,141,298,1,1,2,4,5,9,9,13,22,0,0,0,495,467,962,21,9,30,687,636
Exira,IA,41.590532,-94.875776,83,Shelby,2151,Exira-Elk Horn-Kimballton,29,29,30,30,25,30,26,29,28,30,28,26,41,23,375,404,1,4,5,0,0,0,0,2,2,2,1,3,0,0,0,205,186,391,1,2,3,209,195
Fairfield,IA,41.008736,-91.962649,51,Jefferson,2169,Fairfield,85,94,109,112,113,126,128,116,126,137,126,134,124,129,1574,1659,68,50,118,1,6,7,26,19,45,20,17,37,1,0,1,728,677,1405,27,19,46,871,788
Forest City,IA,43.262456,-93.637159,95,Winnebago,2295,Forest City,70,98,71,75,76,87,68,80,91,77,84,88,100,92,1087,1157,38,41,79,1,0,1,4,10,14,15,18,33,0,2,2,506,487,993,15,20,35,579,578
Fort Dodge,IA,42.497469,-94.168016,94,Webster,2313,Fort Dodge,265,319,280,240,268,267,291,261,256,279,285,286,284,257,3573,3838,236,227,463,5,6,11,15,6,21,152,120,272,0,4,4,1467,1324,2791,153,123,276,2028,1810
Fort Madison,IA,40.62994,-91.315191,56,Lee,2322,Fort Madison,76,147,155,146,135,138,125,148,134,144,135,132,133,150,1822,1898,78,66,144,0,3,3,6,3,9,32,27,59,2,1,3,791,771,1562,63,55,118,972,926
Fremont,IA,41.212512,-92.435465,36,Fremont,2369,Fremont-Mills,58,33,43,31,38,36,40,41,40,29,30,33,39,35,468,526,14,9,23,0,0,0,0,0,0,3,1,4,1,0,1,247,244,491,3,4,7,268,258
Galva,IA,42.506929,-95.417222,47,Ida,2376,Galva-Holstein,40,44,36,26,46,32,34,0,0,0,63,44,46,50,421,461,17,16,33,0,0,0,1,1,2,4,7,11,0,0,0,228,183,411,4,0,4,254,207
Garner,IA,43.10246,-93.601878,41,Hancock,2403,Garner-Hayfield-Ventura,97,83,68,66,67,70,75,86,81,81,76,79,64,86,982,1079,25,28,53,0,1,1,1,4,5,5,7,12,0,0,0,513,472,985,14,9,23,558,521
George,IA,43.343862,-96.002243,60,Lyon,2457,George-Little Rock,24,36,27,30,23,29,21,23,38,38,30,34,28,40,397,421,13,7,20,0,1,1,4,2,6,1,0,1,8,7,15,210,162,372,4,2,6,240,181
Gilbert,IA,42.106929,-93.649663,85,Story,2466,Gilbert,62,92,98,108,118,110,119,109,136,138,120,128,118,118,1512,1574,39,32,71,5,2,7,15,31,46,3,7,10,0,0,0,734,664,1398,23,19,42,819,755
Gilmore City,IA,42.729418,-94.447751,46,Humboldt,2493,Gilmore City-Bradgate,46,16,22,10,13,14,6,8,0,0,0,0,0,0,89,135,2,3,5,0,0,0,0,0,0,0,0,0,0,0,0,65,60,125,2,3,5,69,66
Gladbrook,IA,42.187765,-92.715199,38,Grundy,2502,Gladbrook-Reinbeck,35,44,28,29,30,38,34,35,30,35,34,32,37,47,453,488,4,5,9,0,0,0,0,2,2,2,1,3,0,0,0,245,221,466,4,4,8,255,233
Glenwood,IA,41.046944,-95.742505,65,Mills,2511,Glenwood,125,171,136,141,152,149,173,131,147,168,139,164,160,188,2019,2144,34,28,62,4,6,10,8,7,15,11,13,24,0,1,1,1067,942,2009,12,11,23,1136,1008
Glidden,IA,42.05693,-94.72887,14,Carroll,2520,Glidden-Ralston,27,28,27,31,18,23,29,22,20,17,23,19,26,26,309,336,7,8,15,0,0,0,0,0,0,0,2,2,0,0,0,161,157,318,1,0,1,169,167
Graettinger,IA,43.237738,-94.751371,74,Palo Alto,2556,Graettinger-Terril,48,19,14,23,24,27,23,22,24,27,24,25,21,30,303,351,11,9,20,1,0,1,0,0,0,0,1,1,1,0,1,176,151,327,1,0,1,190,161
Nodaway Valley,IA,40.93721,-94.894979,1,Adair,2673,Nodaway Valley,35,43,41,37,43,45,49,50,57,41,53,55,47,56,617,652,12,13,25,1,3,4,1,2,3,3,1,4,0,0,0,291,304,595,9,12,21,317,335
Garwin,IA,42.0936,-92.675752,86,Tama,2682,GMG,32,34,42,32,32,34,43,45,44,34,45,34,39,43,501,533,11,15,26,2,3,5,7,4,11,8,3,11,0,0,0,241,238,479,0,1,1,269,264
Grinnell,IA,41.743055,-92.722421,79,Poweshiek,2709,Grinnell-Newburg,143,112,98,105,135,138,137,115,130,129,125,120,132,133,1609,1752,33,28,61,7,4,11,10,7,17,17,18,35,0,0,0,790,757,1547,45,36,81,902,850
Griswold,IA,41.234991,-95.137493,15,Cass,2718,Griswold,53,30,25,25,28,33,38,44,38,28,41,37,27,41,435,488,10,13,23,0,0,0,0,1,1,0,1,1,0,0,0,225,230,455,5,3,8,240,248
Grundy Center,IA,42.36165,-92.768533,38,Grundy,2727,Grundy Center,43,66,46,51,48,48,64,58,61,46,58,47,48,50,691,734,6,2,8,1,1,2,2,0,2,2,3,5,2,2,4,345,351,696,8,9,17,366,368
Guthrie Center,IA,41.677247,-94.503597,39,Guthrie,2754,Guthrie Center,35,37,40,35,32,39,34,39,0,0,68,55,64,54,497,532,16,13,29,0,1,1,1,2,3,2,2,4,0,0,0,249,237,486,5,4,9,273,259
Clayton Ridge,IA,42.903876,-91.147352,22,Clayton,2763,Clayton Ridge,39,50,59,56,56,57,54,98,73,91,90,95,108,94,981,1020,27,33,60,2,5,7,4,4,8,16,20,36,0,1,1,447,452,899,5,4,9,501,519
Victor,IA,41.731668,-92.297961,48,Iowa,2766,H-L-V,22,29,23,22,32,26,28,22,25,22,25,30,22,29,335,357,4,0,4,0,0,0,0,0,0,2,1,3,0,0,0,173,170,343,4,3,7,183,174
Hamburg,IA,40.604446,-95.657771,48,Iowa,2772,Hamburg,23,22,12,18,20,14,14,10,15,14,0,0,0,0,139,162,7,8,15,0,0,0,0,0,0,0,0,0,0,0,0,75,70,145,1,1,2,83,79
Hampton,IA,42.742009,-93.202273,35,Franklin,2781,Hampton-Dumont,87,85,77,75,80,92,104,107,111,106,117,102,96,119,1271,1358,272,242,514,4,9,13,4,3,7,8,7,15,1,0,1,435,359,794,8,6,14,732,626
Harlan,IA,41.653299,-95.32506,83,Shelby,2826,Harlan,86,113,99,95,97,92,120,118,120,118,132,140,123,112,1479,1565,45,40,85,3,2,5,6,1,7,12,8,20,2,0,2,749,674,1423,14,9,23,831,734
Farmington,IA,40.640993,-93.31227,89,Van Buren,2834,Harmony,31,16,17,29,19,15,20,18,0,0,0,0,0,0,134,165,2,0,2,0,0,0,0,0,0,0,0,0,0,0,0,92,66,158,2,3,5,96,69
Harris,IA,43.445243,-95.434171,30,Dickinson,2846,Harris-Lake Park,19,30,25,20,26,26,15,34,26,20,26,32,22,24,326,345,9,8,17,0,0,0,0,0,0,0,2,2,1,0,1,175,146,321,2,2,4,187,158
Hartley,IA,43.180022,-95.476963,71,O'Brien,2862,Hartley-Melvin-Sanborn,42,67,22,35,51,56,38,44,63,53,35,42,48,46,600,642,43,41,84,1,0,1,0,0,0,6,7,13,0,0,0,286,245,531,2,11,13,338,304
Highland,IA,42.893871,-91.597093,92,Washington,2977,Highland,53,47,39,48,30,43,42,45,49,44,48,46,45,53,579,632,30,16,46,0,2,2,0,0,0,0,0,0,0,0,0,299,277,576,3,5,8,332,300
Hinton,IA,42.626725,-96.294369,75,Plymouth,2988,Hinton,40,74,62,52,55,55,49,70,49,61,63,51,47,65,753,793,9,8,17,0,2,2,3,3,6,3,1,4,0,0,0,381,363,744,7,13,20,403,390
Cresco,IA,43.381357,-93.31227,45,Howard,3029,Howard-Winneshiek,71,66,52,60,73,58,77,89,92,117,105,77,97,90,1053,1124,22,27,49,0,1,1,4,2,6,2,6,8,0,0,0,546,493,1039,12,9,21,586,538
Hubbard,IA,42.30554,-93.300205,42,Hardin,3033,Hubbard-Radcliffe,33,29,21,34,27,23,28,72,65,72,0,0,0,0,371,404,11,13,24,0,0,0,0,2,2,4,2,6,0,0,0,171,189,360,10,2,12,196,208
Hudson,IA,42.406586,-92.455301,7,Black Hawk,3042,Hudson,24,68,54,61,44,63,63,69,60,49,60,68,47,40,746,770,20,9,29,0,0,0,1,3,4,4,1,5,0,0,0,356,341,697,16,19,35,397,373
Humboldt,IA,42.72,-94.22,46,Humboldt,3060,Humboldt,92,112,97,91,83,83,96,105,128,129,131,114,117,105,1391,1483,68,80,148,0,1,1,2,8,10,8,5,13,1,0,1,628,642,1270,19,21,40,726,757
Independence,IA,42.468598,-91.889339,10,Buchanan,3105,Independence,109,110,95,92,85,108,97,104,96,109,117,114,127,136,1390,1499,21,13,34,0,0,0,3,5,8,4,5,9,0,1,1,725,695,1420,13,14,27,766,733
Indianola,IA,41.360527,-93.559963,91,Warren,3114,Indianola,131,258,237,221,287,283,295,291,276,266,268,321,260,281,3544,3675,61,81,142,1,3,4,12,11,23,18,18,36,2,2,4,1705,1599,3304,85,77,162,1884,1791
Truro,IA,41.209715,-93.846612,61,Madison,3119,Interstate 35,39,59,42,57,60,56,76,66,76,61,62,53,62,68,798,837,8,5,13,0,0,0,2,0,2,3,2,5,0,0,0,429,377,806,6,5,11,448,389
Iowa City,IA,41.661256,-91.529911,52,Johnson,3141,Iowa City,570,1157,1139,1081,1156,1036,1120,1063,1061,978,1076,1060,1029,1034,13990,14560,864,864,1728,20,15,35,435,413,848,1523,1394,2917,6,10,16,4113,4090,8203,443,370,813,7404,7156
Iowa Falls,IA,42.521002,-93.26367,42,Hardin,3150,Iowa Falls,111,89,82,70,87,92,75,90,117,102,97,98,112,113,1224,1335,52,66,118,1,1,2,5,4,9,5,6,11,0,2,2,593,569,1162,16,15,31,672,663
Iowa Valley,IA,41.661256,-91.529911,48,Iowa,3154,Iowa Valley,68,36,43,43,37,38,41,36,39,45,47,35,45,36,521,589,22,18,40,0,0,0,1,0,1,4,3,7,0,1,1,263,263,526,6,8,14,296,293
Manning,IA,41.909153,-95.064992,14,Carroll,3168,IKM-Manning,55,64,52,45,49,46,46,47,50,48,58,51,41,56,653,708,14,10,24,0,0,0,1,0,1,7,3,10,0,0,0,348,324,672,1,0,1,371,337
Janesville,IA,42.646093,-92.462964,9,Bremer,3186,Janesville Consolidated,47,40,36,36,31,38,18,37,23,28,29,30,27,24,397,444,2,0,2,0,0,0,0,0,0,0,0,0,0,0,0,222,210,432,5,5,10,229,215
Jefferson,IA,42.015261,-94.377468,37,Greene,3195,Greene County,94,103,74,77,98,82,89,95,90,77,82,105,104,86,1162,1256,45,43,88,1,0,1,3,4,7,3,2,5,0,0,0,580,533,1113,19,23,42,651,605
Jesup,IA,42.475052,-92.062719,10,Buchanan,3204,Jesup,96,89,90,64,71,83,80,96,88,72,83,55,73,54,998,1094,10,5,15,2,0,2,0,0,0,0,1,1,0,0,0,514,540,1054,12,10,22,538,556
Johnston,IA,41.673152,-93.697339,77,Polk,3231,Johnston,304,534,507,535,504,580,512,557,531,592,568,578,534,559,7091,7395,252,235,487,10,1,11,287,277,564,319,276,595,1,5,6,2808,2570,5378,194,160,354,3871,3524
Keokuk,IA,40.397342,-91.385202,56,Lee,3312,Keokuk,114,135,124,116,118,137,136,161,147,134,137,117,130,147,1739,1853,26,36,62,8,0,8,4,4,8,56,46,102,0,1,1,803,742,1545,71,56,127,968,885
Keota,IA,41.363902,-91.953786,54,Keokuk,3330,Keota,38,29,12,24,26,24,20,22,27,22,9,27,27,22,291,329,6,5,11,0,0,0,1,0,1,0,1,1,1,0,1,174,136,310,4,1,5,186,143
Kingsley,IA,42.588217,-95.967287,75,Plymouth,3348,Kingsley-Pierson,0,25,28,33,40,27,36,30,34,47,23,35,29,35,422,422,12,9,21,0,0,0,1,2,3,3,2,5,2,2,4,188,193,381,4,4,8,210,212
Knoxville,IA,41.32083,-93.109371,63,Marion,3375,Knoxville,103,131,97,116,121,141,132,136,135,119,125,118,133,119,1623,1726,31,32,63,3,3,6,3,6,9,10,7,17,0,1,1,805,766,1571,31,28,59,883,843
Lake Mills,IA,43.419399,-93.533268,95,Winnebago,3420,Lake Mills,46,69,49,40,42,50,47,59,59,51,45,57,56,53,677,723,25,45,70,1,0,1,0,1,1,6,3,9,0,0,0,306,322,628,9,5,14,347,376
Lamoni,IA,40.622777,-93.934116,27,Decatur,3465,Lamoni,23,31,24,19,32,25,21,27,24,24,30,26,27,15,325,348,12,15,27,0,0,0,3,3,6,3,1,4,0,2,2,156,132,288,11,10,21,185,163
Laurens,IA,42.84664,-94.85193,76,Pocahontas,3537,Laurens-Marathon,16,20,13,12,8,20,17,14,12,15,0,0,0,0,131,147,9,14,23,0,0,0,0,0,0,2,1,3,0,0,0,63,55,118,0,3,3,74,73
Lawton,IA,42.478604,-96.183912,97,Woodbury,3555,Lawton-Bronson,39,57,45,55,38,57,41,57,46,43,52,48,49,48,636,675,12,7,19,4,2,6,0,0,0,8,5,13,0,0,0,332,289,621,8,8,16,364,311
Le Mars,IA,42.794161,-96.165546,75,Plymouth,3600,Le Mars,118,178,169,143,139,178,179,195,158,165,158,182,177,172,2193,2311,174,162,336,8,9,17,6,6,12,33,21,54,8,11,19,948,852,1800,30,43,73,1207,1104
Lenox,IA,40.881655,-94.561909,87,Taylor,3609,Lenox,35,49,27,29,47,23,43,40,35,39,38,31,29,35,465,500,66,58,124,0,0,0,0,1,1,0,0,0,0,0,0,190,179,369,5,1,6,261,239
Lewis,IA,41.305824,-95.083325,78,Pottawattam,3645,Lewis Central,81,196,200,206,214,241,232,206,252,216,236,209,252,228,2888,2969,142,131,273,6,7,13,9,11,20,37,22,59,0,0,0,1261,1217,2478,66,60,126,1521,1448
North Cedar,IA,42.554706,-92.455743,16,Cedar,3691,North Cedar,47,38,44,42,40,54,47,32,65,49,44,52,55,79,641,688,7,7,14,0,1,1,2,1,3,3,2,5,0,0,0,336,316,652,7,6,13,355,333
Cedar Rapids,IA,41.975887,-91.670405,57,Linn,3715,Linn-Mar,316,689,556,540,593,593,572,592,584,587,558,581,529,515,7489,7805,169,182,351,11,5,16,239,234,473,196,181,377,4,6,10,3206,3014,6220,201,157,358,4026,3779
Lisbon,IA,41.92112,-91.385447,57,Linn,3744,Lisbon,57,60,50,32,47,48,51,55,60,50,40,48,35,45,621,678,8,12,20,0,0,0,0,1,1,3,1,4,0,0,0,325,308,633,8,12,20,344,334
Logan,IA,41.643046,-95.788897,43,Harrison,3798,Logan-Magnolia,66,62,38,45,50,55,53,45,46,47,48,42,58,48,637,703,6,13,19,0,2,2,3,6,9,0,0,0,1,1,2,354,310,664,5,2,7,369,334
Lone Tree,IA,41.488078,-91.425994,52,Johnson,3816,Lone Tree,50,36,31,35,25,24,46,38,27,39,46,40,34,31,452,502,15,13,28,0,0,0,0,0,0,1,0,1,0,0,0,242,222,464,5,4,9,263,239
Muscatine,IA,41.424473,-91.043205,58,Louisa,3841,Louisa-Muscatine,72,55,48,66,62,48,60,67,64,66,72,69,64,66,807,879,29,38,67,2,0,2,1,0,1,3,2,5,2,0,2,401,396,797,4,1,5,442,437
Lu Verne,IA,42.908302,-93.31227,55,Kossuth,3897,LuVerne,8,10,12,7,12,7,5,0,0,0,0,0,0,0,53,61,3,7,10,0,0,0,0,0,0,0,0,0,0,0,0,22,29,51,0,0,0,25,36
Lynnville,IA,41.577497,-92.783526,50,Jasper,3906,Lynnville-Sully,37,39,46,38,41,32,38,32,36,48,38,39,31,43,501,538,4,0,4,3,0,3,0,0,0,2,1,3,0,0,0,283,238,521,5,2,7,297,241
Madrid,IA,41.876653,-93.823281,8,Boone,3942,Madrid,53,55,52,40,57,43,46,48,61,43,41,63,44,55,648,701,6,3,9,0,0,0,0,0,0,2,2,4,0,0,0,360,312,672,6,10,16,374,327
Mills,IA,41.018611,-95.765839,65,Mills,3978,East Mills,25,28,31,23,32,28,29,40,41,42,34,32,32,38,430,455,6,8,14,0,1,1,1,1,2,2,2,4,0,0,0,226,205,431,0,3,3,235,220
Johnson,IA,41.67139,-93.70583,13,Calhoun,4023,Manson Northwest Webster,75,74,44,57,45,61,52,69,63,59,63,50,53,54,744,819,11,9,20,2,0,2,0,0,0,1,1,2,0,0,0,401,371,772,10,13,23,425,394
Maple Valley,IA,43.320802,-92.379063,67,Monona,4033,Maple Valley-Anthon Oto,31,45,30,33,36,46,55,55,62,53,58,62,64,54,653,684,14,12,26,2,3,5,1,1,2,4,5,9,0,0,0,324,305,629,8,5,13,353,331
Maquoketa,IA,42.068909,-90.665691,49,Jackson,4041,Maquoketa,95,68,75,90,82,78,95,111,121,119,116,133,124,128,1340,1435,25,18,43,2,0,2,7,7,14,9,20,29,25,18,43,654,592,1246,32,26,58,754,681
Maquoketa Valley,IA,42.068909,-90.665691,28,Delaware,4043,Maquoketa Valley,40,65,55,40,55,63,56,54,52,44,47,62,42,53,688,728,5,3,8,0,0,0,2,2,4,6,6,12,0,0,0,322,373,695,2,7,9,337,391
Marcus,IA,42.82582,-95.807513,18,Cherokee,4068,Marcus-Meriden-Cleghorn,35,41,22,20,30,35,0,0,0,0,38,42,42,37,307,342,10,7,17,0,1,1,1,1,2,1,2,3,0,0,0,155,150,305,6,8,14,173,169
Marion,IA,42.034166,-91.597677,57,Linn,4086,Marion Independent,117,135,150,129,165,157,170,154,166,185,174,192,153,145,2075,2192,38,36,74,1,0,1,3,7,10,45,39,84,0,2,2,962,924,1886,66,69,135,1115,1077
Marshalltown,IA,42.044255,-92.912339,64,Marshall,4104,Marshalltown,320,351,364,351,371,396,410,374,394,389,368,351,374,360,4853,5173,1395,1328,2723,17,15,32,176,171,347,101,81,182,3,3,6,904,832,1736,82,65,147,2678,2495
Martensdale,IA,41.373041,-93.735854,91,Warren,4122,Martensdale-St Marys,37,57,43,26,45,26,36,31,52,32,38,47,44,45,522,559,9,8,17,0,1,1,1,1,2,1,2,3,1,0,1,297,235,532,3,0,3,312,247
Mason City,IA,43.153573,-93.201037,17,Cerro Gordo,4131,Mason City,301,280,262,248,255,300,318,303,286,267,286,272,262,280,3619,3920,229,163,392,6,13,19,32,31,63,188,161,349,12,12,24,1523,1517,3040,21,12,33,2011,1909
Alton,IA,42.987487,-96.010573,84,Sioux,4149,MOC-Floyd Valley,87,147,105,94,96,117,122,104,118,129,109,92,114,99,1446,1533,134,135,269,3,0,3,9,11,20,10,7,17,5,1,6,609,580,1189,13,16,29,783,750
Mediapolis,IA,41.008076,-91.163398,29,Des Moines,4203,Mediapolis,15,71,74,63,71,74,82,68,69,62,59,60,60,68,881,896,10,10,20,0,0,0,0,1,1,3,0,3,1,0,1,441,399,840,18,13,31,473,423
Melcher,IA,41.224997,-93.241319,63,Marion,4212,Melcher-Dallas,42,20,26,23,29,31,35,33,20,31,26,27,18,16,335,377,2,6,8,0,0,0,0,0,0,3,2,5,0,0,0,191,171,362,1,1,2,197,180
Midland,IA,43.476358,-96.100303,53,Jones,4269,Midland,25,30,23,32,42,37,35,44,32,38,36,39,33,41,462,487,8,3,11,2,0,2,1,0,1,5,0,5,0,0,0,232,229,461,3,4,7,251,236
Wellman,IA,41.465065,-93.31227,92,Washington,4271,Mid-Prairie,115,135,119,117,94,108,103,107,101,103,98,84,88,88,1345,1460,40,34,74,0,0,0,1,0,1,7,5,12,0,0,0,661,673,1334,24,15,39,733,727
Missouri Valley,IA,41.556381,-95.887788,43,Harrison,4356,Missouri Valley,72,47,50,49,51,57,62,67,60,59,58,69,59,63,751,823,18,16,34,5,1,6,1,4,5,3,1,4,0,0,0,374,382,756,10,8,18,411,412
Monona,IA,43.051649,-91.389304,22,Clayton,4419,MFL MarMac,82,64,58,63,61,68,68,60,62,60,52,52,43,62,773,855,5,10,15,0,1,1,0,0,0,3,1,4,0,0,0,419,395,814,12,9,21,439,416
Montezuma,IA,41.585834,-92.527409,79,Poweshiek,4437,Montezuma,38,35,31,41,41,31,36,43,35,35,41,36,36,36,477,515,8,8,16,0,0,0,0,3,3,0,1,1,0,0,0,241,243,484,4,7,11,253,262
Monticello,IA,42.238275,-91.186943,53,Jones,4446,Monticello,62,48,56,60,68,64,74,65,87,106,99,94,82,90,993,1055,25,21,46,1,2,3,5,4,9,5,10,15,0,0,0,501,460,961,10,11,21,547,508
Moravia,IA,40.890844,-92.815196,4,Appanoose,4491,Moravia,18,23,23,24,27,26,29,34,36,33,20,37,29,33,374,392,0,2,2,0,0,0,0,0,0,3,5,8,0,0,0,192,184,376,3,3,6,198,194
Garden Grove,IA,40.827225,-93.31227,93,Wayne,4505,Mormon Trail,23,15,12,19,21,16,13,16,17,15,20,16,14,17,211,234,2,2,4,0,0,0,1,1,2,0,1,1,0,0,0,105,113,218,1,8,9,109,125
Morning Sun,IA,41.096143,-91.257651,58,Louisa,4509,Morning Sun,18,17,14,16,15,14,18,12,0,0,0,0,0,0,106,124,1,4,5,0,0,0,0,0,0,1,2,3,0,0,0,68,47,115,1,0,1,71,53
Moulton,IA,40.685853,-93.31227,4,Appanoose,4518,Moulton-Udell,9,12,13,21,15,15,15,15,18,11,13,17,11,11,187,196,1,2,3,4,2,6,0,0,0,1,0,1,0,0,0,98,83,181,3,2,5,107,89
Mount Ayr,IA,40.714715,-94.235232,80,Ringgold,4527,Mount Ayr,47,47,38,31,45,42,42,55,41,55,43,54,50,52,595,642,9,6,15,1,0,1,0,0,0,1,4,5,0,2,2,326,293,619,0,0,0,337,305
Mount Pleasant,IA,40.963695,-91.558073,44,Henry,4536,Mount Pleasant,75,130,166,136,144,121,163,155,129,163,133,155,157,183,1935,2010,113,107,220,1,1,2,36,43,79,33,24,57,0,0,0,808,765,1573,41,38,79,1032,978
Mount Vernon,IA,41.922244,-91.417121,57,Linn,4554,Mount Vernon,74,112,79,96,81,113,116,113,103,115,101,107,106,111,1353,1427,21,20,41,0,2,2,7,6,13,11,7,18,0,0,0,663,637,1300,28,25,53,730,697
Murray,IA,41.04166,-93.949391,20,Clarke,4572,Murray,16,22,21,23,22,21,19,22,21,25,20,23,19,26,284,300,7,12,19,0,0,0,0,0,0,0,1,1,0,0,0,141,138,279,1,0,1,149,151
Muscatine,IA,41.424473,-91.043205,70,Muscatine,4581,Muscatine,320,362,297,316,358,371,392,372,380,362,376,403,351,341,4681,5001,713,691,1404,5,10,15,22,18,40,117,106,223,1,2,3,1580,1548,3128,109,79,188,2547,2454
Nashua,IA,42.952754,-93.31227,19,Chickasaw,4599,Nashua-Plainfield,57,58,27,40,59,31,52,50,42,41,40,46,33,46,565,622,5,1,6,3,1,4,0,1,1,4,1,5,0,1,1,294,296,590,8,7,15,314,308
Nevada,IA,42.022765,-93.452434,85,Story,4617,Nevada,106,129,116,98,119,105,118,111,115,116,103,126,101,132,1489,1595,73,60,133,1,1,2,9,5,14,16,13,29,2,1,3,709,635,1344,35,35,70,845,750
Newell,IA,42.605534,-93.31227,11,Buena Vista,4644,Newell-Fonda,31,44,29,34,35,32,31,39,32,52,39,35,28,34,464,495,38,45,83,1,1,2,2,0,2,0,0,0,6,1,7,198,188,386,7,8,15,252,243
New Hampton,IA,43.059141,-92.317677,19,Chickasaw,4662,New Hampton,94,80,66,64,60,72,62,65,73,79,70,87,74,108,960,1054,28,28,56,0,2,2,2,2,4,7,4,11,0,0,0,450,512,962,13,6,19,500,554
New London,IA,40.926846,-91.401233,44,Henry,4689,New London,22,38,35,43,40,41,42,39,28,50,45,33,42,33,509,531,14,3,17,0,0,0,0,2,2,13,9,22,0,0,0,249,226,475,13,2,15,289,242
Newton,IA,41.699693,-93.053759,50,Jasper,4725,Newton,116,219,226,195,200,221,221,215,236,235,227,235,223,225,2878,2994,65,76,141,3,3,6,8,9,17,57,64,121,1,2,3,1307,1269,2576,74,56,130,1515,1479
Central Springs,IA,43.143404,-93.004804,98,Worth,4772,Central Springs,66,56,48,55,52,53,66,50,63,51,70,45,46,56,711,777,22,12,34,0,1,1,2,0,2,7,3,10,0,0,0,361,341,702,14,14,28,406,371
Goose Lake,IA,41.9675,-90.3829,23,Clinton,4773,Northeast,40,56,51,61,57,63,57,67,80,61,63,67,71,68,822,862,13,15,28,0,0,0,0,1,1,2,2,4,0,1,1,409,400,809,9,10,19,433,429
North Fayette Valley,IA,42.841926,-91.802107,33,Fayette,4774,North Fayette Valley,92,97,83,56,89,75,79,77,80,93,73,84,73,76,1035,1127,17,24,41,1,0,1,2,2,4,3,2,5,1,0,1,568,480,1048,13,14,27,605,522
Northeast Hamilton,IA,41.16917,-92.903255,40,Hamilton,4775,Northeast Hamilton,20,13,12,16,13,9,14,11,0,0,0,0,0,0,88,108,6,4,10,0,0,0,0,0,0,0,1,1,0,0,0,46,50,96,0,1,1,52,56
New Sharon,IA,41.46944,-92.65083,62,Mahaska,4776,North Mahaska,27,44,42,50,36,35,46,54,31,38,44,31,47,34,532,559,2,2,4,0,2,2,0,0,0,1,1,2,0,0,0,272,266,538,7,6,13,282,277
North Linn,IA,42.0786111,-91.59972222,57,Linn,4777,North Linn,37,39,39,25,32,35,47,36,41,42,54,60,49,53,552,589,0,3,3,0,0,0,1,0,1,0,0,0,0,0,0,299,274,573,7,5,12,307,282
North Kossuth,IA,41.010591,-91.134592,55,Kossuth,4778,North Kossuth,28,20,17,23,27,22,18,56,60,43,0,0,0,0,286,314,5,11,16,0,1,1,0,1,1,1,1,2,0,0,0,161,125,286,4,4,8,171,143
North Polk,IA,41.802487,-93.697999,77,Polk,4779,North Polk,120,152,142,138,124,138,144,153,141,135,116,133,108,117,1741,1861,25,17,42,0,0,0,0,6,6,4,6,10,1,1,2,935,828,1763,18,20,38,983,878
North Scott,IA,42.701928,-91.765441,82,Scott,4784,North Scott,163,243,216,243,242,241,245,243,257,262,223,252,231,241,3139,3302,84,84,168,6,2,8,9,8,17,52,41,93,1,0,1,1496,1423,2919,44,52,96,1692,1610
North Tama County,IA,41.966293,-92.577262,86,Tama,4785,North Tama County,32,25,41,24,27,36,27,39,36,35,40,38,36,34,438,470,7,11,18,0,0,0,1,1,2,0,3,3,2,0,2,237,185,422,11,12,23,258,212
Decorah,IA,43.303306,-93.31227,96,Winneshiek,4787,North Winneshiek,6,6,6,6,8,10,15,7,0,0,0,0,0,0,58,64,0,1,1,0,0,0,0,0,0,0,0,0,0,0,0,39,24,63,0,0,0,39,25
Northwood,IA,43.444125,-93.31227,98,Worth,4788,Northwood-Kensett,78,49,34,45,33,37,41,44,40,36,39,48,33,40,519,597,23,19,42,0,0,0,0,0,0,12,7,19,0,0,0,281,240,521,8,7,15,324,273
Norwalk,IA,41.475546,-93.67883,91,Warren,4797,Norwalk,185,237,235,230,232,232,255,231,246,269,226,194,221,212,3020,3205,79,88,167,7,3,10,16,21,37,22,29,51,0,1,1,1487,1347,2834,54,51,105,1665,1540
Battle Creek,IA,42.315544,-93.31227,47,Ida,4860,Odebolt Arthur Battle Creek Ida Grove,70,76,60,56,75,69,67,79,80,80,70,81,90,64,947,1017,16,17,33,2,1,3,0,0,0,1,2,3,2,1,3,488,475,963,7,5,12,516,501
Oelwein,IA,42.673317,-91.913504,33,Fayette,4869,Oelwein,119,97,96,82,92,81,80,107,113,86,89,87,85,104,1199,1318,39,26,65,0,3,3,2,1,3,12,8,20,0,0,0,612,531,1143,41,43,84,706,612
Ogden,IA,42.039148,-94.027733,8,Boone,4878,Ogden,57,53,50,51,61,46,61,55,64,47,42,56,59,50,695,752,1,2,3,1,0,1,0,0,0,2,2,4,0,0,0,388,343,731,6,7,13,398,354
Okoboji,IA,43.386359,-95.148312,30,Dickinson,4890,Okoboji,86,95,75,75,73,92,80,87,87,77,80,70,68,71,1030,1116,30,16,46,0,0,0,4,4,8,4,5,9,0,0,0,547,474,1021,15,17,32,600,516
Olin,IA,41.997922,-93.31227,53,Jones,4905,Olin Consolidated,13,11,6,13,10,7,10,15,0,0,0,0,0,0,72,85,0,0,0,0,0,0,0,2,2,0,0,0,0,0,0,44,39,83,0,0,0,44,41
Orient,IA,41.203044,-93.31227,1,Adair,4978,Orient-Macksburg,10,12,10,16,10,15,13,12,16,14,7,17,12,15,169,179,5,4,9,0,0,0,0,0,0,0,0,0,0,0,0,91,75,166,3,1,4,99,80
Osage,IA,43.284081,-92.811162,66,Mitchell,4995,Osage,58,98,65,68,68,57,87,68,63,83,64,65,76,69,931,989,14,11,25,0,1,1,1,0,1,5,4,9,0,0,0,486,449,935,5,13,18,511,478
Oskaloosa,IA,41.296337,-92.644961,62,Mahaska,5013,Oskaloosa,165,155,146,155,147,175,168,149,169,164,153,181,142,169,2073,2238,41,30,71,2,1,3,24,25,49,39,32,71,1,3,4,1021,928,1949,46,45,91,1174,1064
Ottumwa,IA,41.020015,-92.411296,90,Wapello,5049,Ottumwa,395,271,275,327,331,351,338,390,310,332,313,301,319,317,4175,4570,573,561,1134,19,11,30,42,36,78,174,141,315,65,66,131,1448,1362,2810,29,43,72,2350,2220
Panorama,IA,41.555589,-90.453188,39,Guthrie,5121,Panorama,48,39,38,38,53,54,49,46,56,52,71,80,56,51,683,731,11,12,23,2,1,3,2,0,2,1,2,3,0,0,0,335,355,690,8,2,10,359,372
Paton,IA,42.164423,-93.31227,37,Greene,5139,Paton-Churdan,10,18,17,20,20,22,19,16,16,14,21,16,13,16,228,238,4,5,9,0,0,0,0,0,0,0,1,1,0,0,0,104,112,216,5,7,12,113,125
Monroe,IA,41.522215,-93.101868,50,Jasper,5160,PCM,65,81,68,68,78,89,88,92,76,82,63,92,84,92,1053,1118,20,17,37,0,0,0,1,1,2,0,3,3,0,1,1,579,485,1064,9,2,11,609,509
Pekin,IA,41.162793,-92.159624,54,Keokuk,5163,Pekin,40,59,48,46,47,55,63,38,47,57,50,58,52,46,666,706,0,8,8,1,2,3,0,0,0,0,1,1,1,1,2,363,318,681,2,9,11,367,339
Pella,IA,41.408053,-92.916309,63,Marion,5166,Pella,135,196,159,161,169,181,195,173,191,188,171,182,167,173,2306,2441,31,27,58,0,3,3,44,36,80,19,19,38,0,0,0,1141,1077,2218,26,18,44,1261,1180
Perry,IA,41.83867,-94.106762,25,Dallas,5184,Perry,82,138,96,126,112,110,130,143,137,116,141,118,169,140,1676,1758,450,413,863,3,2,5,17,11,28,38,39,77,0,1,1,400,350,750,18,16,34,926,832
Pleasant Valley,IA,41.569755,-90.423187,82,Scott,5250,Pleasant Valley,215,361,388,372,366,389,369,420,412,378,372,356,345,341,4869,5084,132,144,276,5,7,12,279,273,552,79,64,143,3,2,5,2013,1902,3915,99,82,181,2610,2474
Pleasantville,IA,41.386484,-93.269356,63,Marion,5256,Pleasantville,43,49,52,49,46,43,50,56,59,52,58,58,68,61,701,744,10,6,16,1,0,1,0,3,3,5,3,8,0,0,0,370,334,704,6,6,12,392,352
Pocahontas,IA,42.73553,-93.31227,76,Pocahontas,5283,Pocahontas Area,37,56,28,30,42,32,39,52,61,58,73,65,67,73,676,713,19,16,35,0,0,0,1,0,1,4,2,6,0,0,0,310,322,632,22,17,39,356,357
Postville,IA,43.084702,-91.568201,3,Allamakee,5310,Postville,34,60,44,56,55,62,53,67,61,44,66,53,53,41,715,749,209,219,428,1,2,3,1,0,1,38,28,66,0,0,0,121,118,239,9,3,12,379,370
Prairie Valley,IA,41.599434,-93.235205,94,Webster,5325,Prairie Valley,39,50,38,42,45,47,0,0,0,0,91,71,84,89,557,596,13,7,20,0,0,0,0,3,3,6,1,7,0,0,0,295,252,547,15,4,19,329,267
Red Oak,IA,41.009519,-95.228247,69,Montgomery,5463,Red Oak,80,70,82,51,69,80,71,92,75,79,83,70,76,86,984,1064,57,39,96,0,0,0,1,1,2,2,2,4,0,0,0,485,454,939,11,12,23,556,508
Remsen,IA,42.814711,-93.31227,75,Plymouth,5486,Remsen-Union,32,38,13,15,21,22,50,53,47,46,0,0,0,0,305,337,9,10,19,1,1,2,0,0,0,2,0,2,0,0,0,147,162,309,3,2,5,162,175
Riceville,IA,43.363857,-92.554069,45,Howard,5508,Riceville,20,34,24,24,33,26,24,32,22,17,24,29,26,21,336,356,10,7,17,0,0,0,0,0,0,1,0,1,0,0,0,169,167,336,2,0,2,182,174
Riverside,IA,41.479741,-91.581276,78,Pottawattam,5510,Riverside,38,50,49,61,55,53,47,45,50,52,29,45,44,41,621,659,27,27,54,2,2,4,0,3,3,1,0,1,0,0,0,301,281,582,6,9,15,337,322
Rock Valley,IA,43.205241,-96.294843,84,Sioux,5607,Rock Valley,79,84,72,61,52,62,70,68,77,67,59,54,61,56,843,922,172,148,320,0,0,0,4,2,6,1,0,1,1,1,2,332,253,585,3,5,8,513,409
Roland,IA,42.16556,-93.5,85,Story,5643,Roland-Story,67,88,73,93,71,86,76,88,97,82,80,87,78,98,1097,1164,19,32,51,5,1,6,3,1,4,7,4,11,0,0,0,546,516,1062,16,14,30,596,568
Rudd,IA,43.126082,-93.31227,34,Floyd,5697,Rudd-Rockford-Marble Rk,47,32,34,25,21,18,34,38,29,28,37,39,32,42,409,456,2,3,5,0,0,0,0,1,1,3,6,9,0,0,0,232,196,428,7,6,13,244,212
Ruthven,IA,43.129132,-93.31227,74,Palo Alto,5724,Ruthven-Ayrshire,20,9,14,9,18,10,15,14,13,13,10,14,14,17,170,190,3,2,5,0,0,0,1,2,3,0,3,3,0,0,0,89,86,175,1,3,4,94,96
St Ansgar,IA,43.378301,-92.918806,66,Mitchell,5751,St Ansgar,35,63,40,47,36,32,51,35,44,41,43,52,42,49,575,610,1,4,5,1,1,2,1,2,3,4,4,8,0,0,0,289,292,581,3,8,11,299,311
Des Moines,IA,41.591064,-93.31227,77,Polk,5805,Saydel,86,88,89,80,87,96,112,107,93,112,110,101,104,94,1273,1359,103,106,209,9,5,14,6,7,13,16,3,19,1,1,2,551,502,1053,26,23,49,712,647
Schaller,IA,42.499705,-93.31227,81,Sac,5823,Schaller-Crestland,46,22,21,23,36,21,32,66,69,60,0,0,0,0,350,396,29,36,65,1,0,1,2,1,3,7,5,12,0,0,0,169,146,315,0,0,0,208,188
Schleswig,IA,42.165266,-95.436943,24,Crawford,5832,Schleswig,15,22,19,13,18,19,31,20,16,20,0,0,0,0,178,193,10,12,22,0,0,0,1,1,2,0,0,0,1,0,1,92,76,168,0,0,0,104,89
Sergeant Bluff,IA,42.403882,-93.31227,97,Woodbury,5877,Sergeant Bluff-Luton,80,131,104,124,126,102,128,144,124,138,123,127,127,119,1617,1697,54,53,107,7,9,16,18,26,44,25,23,48,4,4,8,739,676,1415,34,25,59,881,816
Seymour,IA,40.68251,-93.12104,93,Wayne,5895,Seymour,9,16,14,17,14,16,21,15,20,25,19,17,29,19,242,251,3,0,3,0,0,0,0,0,0,0,0,0,0,0,0,128,112,240,5,3,8,136,115
West Fork,IA,42.881,-93.0777,17,Cerro Gordo,5922,West Fork,60,47,55,58,53,47,50,55,47,43,54,50,43,50,652,712,14,11,25,2,3,5,0,2,2,4,5,9,0,1,1,357,304,661,5,4,9,382,330
Sheldon,IA,43.181084,-95.856113,71,O'Brien,5949,Sheldon,84,101,66,58,91,83,79,75,85,83,88,86,67,104,1066,1150,100,100,200,5,3,8,11,8,19,11,10,21,1,1,2,467,417,884,7,9,16,602,548
Shenandoah,IA,40.765553,-95.37221,73,Page,5976,Shenandoah,107,90,71,70,87,83,86,81,86,61,86,80,71,81,1033,1140,32,29,61,2,2,4,6,5,11,4,5,9,0,1,1,549,481,1030,11,13,24,604,536
Sibley,IA,43.399136,-93.31227,72,Osceola,5994,Sibley-Ocheyedan,40,64,48,47,49,47,67,55,73,67,70,66,47,57,757,797,81,66,147,0,0,0,1,1,2,5,4,9,1,2,3,345,285,630,5,1,6,438,359
Sidney,IA,40.747387,-95.64688,36,Fremont,6003,Sidney,57,29,31,37,26,36,29,26,34,39,41,41,49,58,476,533,8,12,20,0,0,0,0,0,0,1,0,1,0,0,0,268,225,493,10,9,19,287,246
Sigourney,IA,41.333046,-92.20484,54,Keokuk,6012,Sigourney,33,38,44,40,40,37,35,37,33,46,46,44,45,50,535,568,4,9,13,0,0,0,1,0,1,4,6,10,0,0,0,290,249,539,4,1,5,303,265
Sioux Center,IA,43.079692,-96.175672,84,Sioux,6030,Sioux Center,153,154,102,110,108,104,109,98,119,104,86,95,92,100,1381,1534,277,255,532,4,8,12,5,7,12,7,12,19,0,1,1,489,439,928,17,13,30,799,735
Sioux Central,IA,42.496682,-96.405878,11,Buena Vista,6035,Sioux Central,27,54,30,29,31,31,56,41,60,74,58,69,59,48,640,667,33,29,62,0,0,0,3,1,4,3,3,6,0,0,0,326,257,583,3,9,12,368,299
Sioux City,IA,42.496682,-96.405878,97,Woodbury,6039,Sioux City,826,1215,1061,1063,1040,1132,1158,1124,1077,1063,1122,1083,1002,1010,14150,14976,2552,2444,4996,235,205,440,208,204,412,538,497,1035,57,52,109,3706,3422,7128,397,459,856,7693,7283
South Central Calhoun,IA,41.631657,-95.895288,13,Calhoun,6091,South Central Calhoun,100,103,64,55,64,72,55,58,66,63,58,65,69,67,859,959,15,17,32,0,1,1,2,2,4,3,3,6,0,1,1,458,431,889,15,11,26,493,466
Solon,IA,41.807234,-91.49406,52,Johnson,6093,Solon,42,116,100,97,107,114,126,100,148,105,133,109,109,125,1489,1531,13,13,26,0,0,0,2,7,9,3,4,7,1,0,1,747,717,1464,14,10,24,780,751
Liberty Center,IA,41.204718,-93.31227,91,Warren,6094,Southeast Warren,33,42,23,38,30,36,43,53,31,40,35,44,36,37,488,521,9,10,19,0,0,0,0,0,0,1,2,3,0,0,0,268,221,489,4,6,10,282,239
South Hamilton,IA,41.16917,-92.903255,40,Hamilton,6095,South Hamilton,46,50,38,41,43,42,54,46,62,52,62,64,61,62,677,723,36,40,76,0,0,0,0,4,4,1,1,2,0,0,0,304,313,617,14,10,24,355,368
Southeast Webster,IA,41.329156,-94.231346,94,Webster,6096,Southeast Webster Grand,61,52,35,33,28,41,81,91,83,71,0,0,0,0,515,576,10,6,16,1,0,1,2,1,3,4,2,6,0,0,0,269,267,536,11,3,14,297,279
Page,IA,40.712215,-95.129703,73,Page,6097,South Page,11,13,6,6,15,7,4,8,11,7,11,10,9,13,120,131,3,0,3,0,0,0,1,0,1,0,0,0,0,0,0,64,63,127,0,0,0,68,63
South Tama County,IA,41.966293,-92.577262,86,Tama,6098,South Tama County,104,104,96,115,105,99,116,114,127,110,120,130,109,115,1460,1564,288,257,545,77,84,161,3,3,6,5,3,8,2,1,3,380,396,776,23,42,65,778,786
Union,IA,42.244856,-93.064249,71,O'Brien,6099,South O'Brien,44,57,34,34,41,35,41,45,47,53,47,53,53,45,585,629,29,12,41,0,0,0,2,2,4,5,1,6,0,0,0,302,260,562,7,9,16,345,284
Calmar,IA,43.183585,-93.31227,96,Winneshiek,6100,South Winneshiek,50,31,26,30,23,26,30,28,36,36,52,43,46,51,458,508,16,17,33,2,0,2,0,0,0,1,1,2,0,0,0,257,210,467,2,2,4,278,230
Pleasant Hill,IA,41.596484,-93.514896,77,Polk,6101,Southeast Polk,367,490,476,481,532,483,581,564,590,580,487,538,516,518,6836,7203,241,278,519,5,3,8,62,87,149,214,182,396,7,5,12,2894,2833,5727,187,205,392,3610,3593
Spencer,IA,43.141358,-95.144439,21,Clay,6102,Spencer,163,195,139,130,119,149,156,143,181,186,180,150,147,146,2021,2184,75,82,157,3,1,4,9,7,16,17,12,29,0,0,0,1005,950,1955,10,13,23,1119,1065
Spirit Lake,IA,43.422184,-95.102217,30,Dickinson,6120,Spirit Lake,72,110,101,88,94,88,86,88,81,117,73,89,96,112,1223,1295,18,16,34,1,1,2,3,5,8,6,6,12,0,0,0,621,574,1195,26,18,44,675,620
Springville,IA,42.059445,-91.44267,57,Linn,6138,Springville,48,29,20,31,29,27,22,31,25,30,33,37,24,29,367,415,4,4,8,1,0,1,3,1,4,2,2,4,0,1,1,206,180,386,7,4,11,223,192
Stanton,IA,40.981658,-95.104153,69,Montgomery,6165,Stanton,23,16,23,17,24,12,14,25,15,17,18,18,15,18,232,255,1,3,4,0,0,0,0,1,1,0,0,0,0,0,0,138,108,246,2,2,4,141,114
Arlington,IA,42.74915,-93.31227,33,Fayette,6175,Starmont,31,60,39,43,44,43,40,48,47,47,49,45,44,36,585,616,4,4,8,0,0,0,0,0,0,2,1,3,0,0,0,300,297,597,2,6,8,308,308
Storm Lake,IA,42.641092,-95.209718,11,Buena Vista,6219,Storm Lake,192,259,169,174,185,189,183,149,173,193,193,197,168,244,2476,2668,714,696,1410,3,2,5,239,233,472,66,56,122,94,77,171,238,199,437,27,24,51,1381,1287
Stratford,IA,42.271366,-93.927172,40,Hamilton,6246,Stratford,14,12,9,6,12,10,7,9,0,0,0,0,0,0,65,79,2,2,4,0,0,0,0,0,0,0,2,2,0,0,0,38,33,71,0,2,2,40,39
Stuart,IA,41.503321,-94.318574,39,Guthrie,6264,West Central Valley,60,63,67,63,56,59,67,64,69,65,64,61,58,57,813,873,31,26,57,1,1,2,2,2,4,2,3,5,0,1,1,409,368,777,13,14,27,458,415
Sumner,IA,42.848887,-92.097076,9,Bremer,6273,Sumner-Fredericksburg,55,45,71,54,68,43,69,82,67,59,58,58,56,79,809,864,21,12,33,0,0,0,1,0,1,5,2,7,0,0,0,400,405,805,7,11,18,434,430
Tipton,IA,41.769743,-91.127935,16,Cedar,6408,Tipton,55,65,60,65,72,69,73,74,81,75,86,84,79,68,951,1006,17,16,33,2,1,3,0,1,1,6,2,8,0,0,0,478,463,941,10,10,20,513,493
Treynor,IA,41.232497,-95.613061,78,Pottawattam,6453,Treynor,0,54,56,67,79,61,60,57,73,73,67,68,59,61,835,835,6,7,13,0,1,1,2,1,3,4,1,5,2,2,4,406,401,807,1,1,2,421,414
Neola,IA,41.448882,-95.615561,78,Pottawattam,6460,Tri-Center,56,43,47,50,48,50,61,56,39,49,54,62,48,52,659,715,4,5,9,0,0,0,3,2,5,6,1,7,0,0,0,353,341,694,0,0,0,366,349
Thornburg,IA,41.454729,-92.335739,54,Keokuk,6462,Tri-County,16,13,18,17,26,22,19,15,17,30,15,17,15,14,238,254,1,1,2,1,0,1,0,0,0,2,1,3,0,0,0,116,129,245,1,2,3,121,133
Tripoli,IA,42.807966,-92.258433,9,Bremer,6471,Tripoli,34,34,22,23,16,32,31,23,27,37,24,36,35,30,370,404,5,3,8,1,0,1,0,1,1,0,0,0,0,0,0,184,193,377,11,6,17,201,203
Turkey Valley,IA,43.129695,-92.101003,96,Winneshiek,6509,Turkey Valley,26,21,16,20,19,22,24,28,25,31,30,19,36,25,316,342,5,6,11,0,0,0,0,0,0,0,0,0,0,0,0,167,159,326,4,1,5,176,166
Bussey,IA,41.20448,-93.31227,63,Marion,6512,Twin Cedars,33,20,24,26,27,18,23,30,34,24,19,27,23,30,325,358,6,5,11,0,0,0,0,1,1,2,1,3,0,0,0,183,156,339,3,1,4,194,164
Bode,IA,42.868304,-93.31227,46,Humboldt,6516,Twin Rivers,15,8,3,7,9,6,9,0,0,0,0,0,0,0,42,57,4,0,4,0,0,0,0,0,0,2,0,2,0,0,0,19,30,49,0,2,2,25,32
Underwood,IA,41.386939,-95.676674,78,Pottawattam,6534,Underwood,36,67,57,42,61,49,51,57,72,56,75,61,58,79,785,821,15,13,28,0,0,0,0,2,2,0,0,0,0,0,0,436,337,773,11,7,18,462,359
Union,IA,42.244856,-93.064249,7,Black Hawk,6536,Union,78,77,57,73,51,71,83,75,91,63,98,80,101,98,1018,1096,15,15,30,1,0,1,0,2,2,6,5,11,0,0,0,563,463,1026,14,12,26,599,497
Boone,IA,42.06111,-93.8861,8,Boone,6561,United,89,51,39,45,40,37,31,19,0,0,0,0,0,0,262,351,14,9,23,1,0,1,2,1,3,3,2,5,0,0,0,145,169,314,3,2,5,168,183
Urbandale,IA,41.627455,-93.738062,77,Polk,6579,Urbandale,294,292,269,289,259,275,331,306,313,318,316,335,332,326,3961,4255,201,229,430,2,3,5,135,110,245,138,139,277,5,1,6,1623,1445,3068,111,113,224,2215,2040
Van Buren,IA,42.084467,-90.364852,89,Van Buren,6592,Van Buren,32,51,39,36,55,34,40,43,64,70,50,63,54,68,667,699,5,3,8,0,0,0,3,2,5,3,0,3,0,0,0,355,322,677,3,3,6,369,330
Van Meter,IA,41.531933,-93.954117,25,Dallas,6615,Van Meter,0,74,75,64,78,63,60,70,72,65,59,54,62,72,868,868,15,9,24,3,2,5,3,0,3,1,4,5,0,1,1,433,386,819,6,5,11,461,407
Villisca,IA,40.929712,-94.976093,69,Montgomery,6651,Villisca,16,18,20,25,20,20,23,67,54,56,0,0,0,0,303,319,3,2,5,0,1,1,0,1,1,2,0,2,0,0,0,129,173,302,3,5,8,137,182
Vinton,IA,42.166244,-93.31227,6,Benton,6660,Vinton-Shellsburg,96,102,110,102,118,102,105,101,116,118,118,107,111,103,1413,1509,13,20,33,3,1,4,3,0,3,6,7,13,0,0,0,683,730,1413,25,18,43,733,776
Wayland,IA,41.147783,-93.31227,44,Henry,6700,Waco,33,40,27,44,31,34,38,41,33,38,32,31,40,33,462,495,14,12,26,2,1,3,8,2,10,1,5,6,0,0,0,235,204,439,3,8,11,263,232
Jackson,IA,43.114973,-92.032391,81,Sac,6741,East Sac County,68,67,57,56,60,80,67,69,82,61,61,62,57,71,850,918,10,16,26,2,1,3,0,0,0,0,2,2,0,0,0,435,436,871,8,8,16,455,463
Wapello,IA,41.181419,-91.185427,58,Louisa,6759,Wapello,32,42,31,27,36,34,42,44,43,45,40,59,58,69,570,602,33,24,57,0,0,0,0,1,1,1,3,4,0,0,0,297,236,533,3,4,7,334,268
Fairbank,IA,42.639151,-93.31227,9,Bremer,6762,Wapsie Valley,42,53,55,48,57,61,69,57,69,62,49,39,41,47,707,749,6,9,15,0,0,0,0,0,0,1,2,3,0,0,0,386,340,726,1,4,5,394,355
Washington,IA,41.299085,-91.692366,92,Washington,6768,Washington,143,137,98,117,112,109,119,132,115,121,124,131,143,153,1611,1754,171,152,323,1,1,2,3,8,11,21,12,33,1,1,2,687,630,1317,30,36,66,914,840
Waterloo,IA,42.4928,-92.3426,7,Black Hawk,6795,Waterloo,650,799,841,812,835,815,823,799,782,777,942,823,741,564,10353,11003,661,641,1302,13,12,25,186,167,353,1501,1489,2990,112,107,219,2641,2515,5156,480,478,958,5594,5409
Waukee,IA,41.611849,-93.884513,25,Dallas,6822,Waukee,176,967,911,914,916,911,878,874,848,783,737,722,688,671,10820,10996,324,320,644,9,8,17,436,422,858,236,218,454,3,3,6,4278,4193,8471,272,274,546,5558,5438
Waverly,IA,42.725814,-92.475463,9,Bremer,6840,Waverly-Shell Rock,106,157,142,153,142,163,177,192,179,201,185,196,180,185,2252,2358,32,34,66,0,5,5,11,15,26,19,20,39,0,0,0,1176,984,2160,33,29,62,1271,1087
Corydon,IA,40.75695,-93.31227,93,Wayne,6854,Wayne,53,64,49,42,39,42,50,46,40,37,50,41,47,44,591,644,3,5,8,1,2,3,3,3,6,2,1,3,1,0,1,299,317,616,7,0,7,316,328
Webster City,IA,42.466307,-93.825247,40,Hamilton,6867,Webster City,105,129,98,97,105,103,119,121,162,135,146,143,125,131,1614,1719,156,167,323,2,1,3,50,39,89,2,7,9,0,0,0,661,574,1235,35,25,60,906,813
West Bend,IA,42.956914,-94.441083,74,Palo Alto,6921,West Bend-Mallard,31,28,22,18,14,21,25,21,31,22,23,33,24,26,308,339,13,13,26,1,1,2,1,0,1,0,0,0,0,0,0,163,144,307,1,2,3,179,160
West Branch,IA,41.672074,-91.345973,16,Cedar,6930,West Branch,65,39,56,49,48,68,57,58,51,53,56,66,62,70,733,798,24,22,46,0,0,0,2,1,3,4,4,8,0,2,2,377,337,714,14,11,25,421,377
West Burlington,IA,40.820301,-91.170253,29,Des Moines,6937,West Burlington Ind,60,73,59,64,64,77,73,86,73,90,77,73,61,76,946,1006,27,38,65,1,2,3,10,17,27,41,26,67,0,0,0,375,363,738,53,53,106,507,499
Maynard,IA,42.77444,-91.8783,33,Fayette,6943,West Central,19,19,12,23,21,25,21,22,16,21,23,15,20,22,260,279,8,7,15,0,1,1,0,1,1,0,0,0,0,0,0,112,140,252,8,2,10,128,151
Manchester,IA,42.484154,-91.455425,28,Delaware,6950,West Delaware County,79,111,76,94,81,98,98,101,132,119,118,132,117,110,1387,1466,25,17,42,2,7,9,3,6,9,13,12,25,0,0,0,724,635,1359,10,12,22,777,689
West Des Moines,IA,41.564534,-93.759528,77,Polk,6957,West Des Moines,441,688,632,586,653,678,646,686,660,690,681,760,760,662,8782,9223,671,616,1287,8,15,23,385,383,768,380,388,768,3,3,6,3005,2841,5846,286,239,525,4738,4485
Cedar Falls,IA,42.527412,-93.31227,31,Dubuque,6961,Western Dubuque,321,264,199,238,254,216,226,236,269,251,271,281,290,290,3285,3606,71,75,146,0,2,2,5,2,7,27,29,56,4,1,5,1693,1611,3304,43,43,86,1843,1763
West Harrison,IA,41.287212,-94.185233,43,Harrison,6969,West Harrison,20,23,13,18,15,22,28,18,23,21,24,30,27,29,291,311,2,3,5,3,1,4,0,0,0,0,2,2,0,0,0,159,139,298,0,2,2,164,147
West Liberty,IA,41.570023,-91.263769,70,Muscatine,6975,West Liberty,82,121,102,93,113,123,89,91,98,89,106,84,92,108,1309,1391,371,407,778,0,0,0,11,12,23,5,3,8,0,0,0,290,272,562,9,11,20,686,705
Lyon,IA,41.921673,-93.31227,60,Lyon,6983,West Lyon,66,77,64,66,71,59,71,86,70,81,80,70,59,58,912,978,24,20,44,0,0,0,0,2,2,1,2,3,0,0,0,481,436,917,8,4,12,514,464
Marshalltown,IA,42.044255,-93.31227,64,Marshall,6985,West Marshall,75,82,72,65,61,65,76,79,81,88,81,75,77,62,964,1039,31,34,65,1,2,3,2,2,4,2,1,3,1,0,1,479,467,946,4,13,17,520,519
West Monona,IA,43.051649,-91.389304,67,Monona,6987,West Monona,48,55,36,26,52,34,47,44,63,52,51,55,47,40,602,650,4,8,12,10,9,19,3,2,5,10,8,18,1,2,3,292,268,560,15,18,33,335,315
West Sioux,IA,42.496682,-96.405878,84,Sioux,6990,West Sioux,67,73,45,54,58,51,66,71,61,61,59,58,65,55,777,844,151,142,293,2,12,14,1,0,1,5,3,8,0,0,0,282,232,514,7,7,14,448,396
Westwood,IA,40.965583,-91.623774,97,Woodbury,6992,Westwood,37,59,32,44,42,32,52,52,48,44,49,39,45,43,581,618,17,18,35,8,6,14,0,0,0,0,1,1,0,0,0,268,272,540,10,18,28,303,315
Whiting,IA,42.127489,-96.149463,67,Monona,7002,Whiting,20,16,12,18,16,16,8,15,15,21,15,16,12,19,199,219,10,8,18,0,2,2,0,0,0,0,0,0,0,0,0,94,95,189,7,3,10,111,108
Williamsburg,IA,41.661228,-92.009506,48,Iowa,7029,Williamsburg,67,80,93,75,93,80,94,82,88,98,86,96,77,88,1130,1197,45,48,93,1,0,1,5,1,6,4,4,8,0,0,0,549,521,1070,7,12,19,611,586
Wilton,IA,41.588915,-91.016818,70,Muscatine,7038,Wilton,58,71,70,76,71,74,78,82,64,67,55,65,55,54,882,940,36,25,61,0,0,0,2,2,4,2,2,4,0,0,0,452,400,852,11,8,19,503,437
Winfield,IA,41.123083,-91.441268,44,Henry,7047,Winfield-Mt Union,48,26,25,25,31,28,33,19,40,39,33,40,39,31,409,457,11,14,25,0,0,0,0,1,1,3,0,3,2,0,2,221,195,416,5,5,10,242,215
Winterset,IA,41.33458,-94.014386,61,Madison,7056,Winterset,129,120,124,102,124,120,145,134,151,144,144,100,153,122,1683,1812,27,26,53,3,0,3,6,3,9,3,3,6,2,0,2,858,836,1694,20,25,45,919,893
Woodbine,IA,41.7372,-95.701287,43,Harrison,7092,Woodbine,60,31,31,31,45,36,43,37,36,29,36,37,23,30,445,505,7,11,18,1,0,1,3,1,4,0,1,1,0,0,0,255,220,475,3,3,6,269,236
Woodbury,IA,41.921673,-93.31227,97,Woodbury,7098,Woodbury Central,32,49,30,35,49,35,47,50,46,39,45,54,45,55,579,611,10,12,22,0,0,0,1,0,1,0,1,1,0,0,0,287,287,574,5,8,13,303,308
Woodward,IA,41.85693,-93.921896,25,Dallas,7110,Woodward-Granger,107,113,75,72,69,63,74,68,65,70,113,127,109,89,1107,1214,58,21,79,1,0,1,2,0,2,71,20,91,0,0,0,524,484,1008,20,13,33,676,538
STATEWIDE TOTALS,,,,,,,STATEWIDE TOTALS,31233,39230,35051,35067,36217,36936,38258,38276,38073,37395,37732,37685,36715,36956,483591,514824,28989,27843,56832,990,943,1933,6679,6437,13116,16730,15692,32422,825,730,1555,200055,187397,387452,10959,10555,21514,265227,249597
